dendigitalemedlemsservice.dk;;;;;;
dgov.fi;;;;;;
enator.biz;;;;;;
enator.com;;;;;;
enator.de;;;;;;
enator.dk;;;;;;
enator.eu;;;;;;
enator.info;;;;;;
enator.net;;;;;;
enator.no;;;;;;
enator.se;;;;;;
flaktwoods.com;;;;;;
flexlab.com;;;;;;
flexlab.se;;;;;;
greatertogether.bg;;;;;;
greatertogether.com.ar;;;;;;
greatertogether.ua;;;;;;
healthcare.eu;;;;;;
infomedix.eu;;;;;;
itplus.dk;;;;;;
julkistatietoa.fi;;;;;;
knowledgepassionresults.com;;;;;;
knowledgepassionresults.de;;;;;;
knowledgepassionresults.dk;;;;;;
knowledgepassionresults.eu;;;;;;
knowledgepassionresults.fi;;;;;;
knowledgepassionresults.ru;;;;;;
knowledgepassionresults.se;;;;;;
mytieto.com;;;;;;
n-a.dk;;;;;;
na.dk;;;;;;
netbureauet.dk;;;;;;
pallas.fi;;;;;;
parnet.net;;;;;;
pc-doc.dk;;;;;;
pcdoc.dk;;;;;;
pop3.fi;;;;;;
rm-kanava.fi;;;;;;
sepo.dk;;;;;;
sqlsystems.dk;;;;;;
te-consulting.dk;;;;;;
te-solutions.dk;;;;;;
te-technology.dk;;;;;;
teextra.com;;;;;;
tefs.dk;;;;;;
teledes.ru;;;;;;
tesolutions.dk;;;;;;
tiedonvalossa.fi;;;;;;
tieto-enator.com;;;;;;
tieto-enator.eu;;;;;;
tieto-enator.net;;;;;;
tieto-enator.org;;;;;;
tieto.asia;;;;;;
tieto.at;;;;;;
tieto.ba;;;;;;
tieto.be;;;;;;
tieto.bg;;;;;;
tieto.biz;;;;;;
tieto.by;;;;;;
tieto.ca;;;;;;
tieto.ch;;;;;;
tieto.cm;;;;;;
tieto.cn;;;;;;
tieto.cnkeyword;;;;;;
tieto.co;;;;;;
tieto.co.id;;;;;;
tieto.co.uk;;;;;;
tieto.com;;;;;;
tieto.com.ar;;;;;;
tieto.com.cn;;;;;;
tieto.com.my;;;;;;
tieto.com.pe;;;;;;
tieto.com.pl;;;;;;
tieto.com.ru;;;;;;
tieto.com.sg;;;;;;
tieto.com.tw;;;;;;
tieto.com.ua;;;;;;
tieto.cz;;;;;;
tieto.de;;;;;;
tieto.dk;;;;;;
tieto.ee;;;;;;
tieto.es;;;;;;
tieto.eu;;;;;;
tieto.fi;;;;;;
tieto.fr;;;;;;
tieto.hk;;;;;;
tieto.hu;;;;;;
tieto.in;;;;;;
tieto.info;;;;;;
tieto.it;;;;;;
tieto.jobs;;;;;;
tieto.kr;;;;;;
tieto.kz;;;;;;
tieto.lt;;;;;;
tieto.lv;;;;;;
tieto.mobi;;;;;;
tieto.my;;;;;;
tieto.net;;;;;;
tieto.nl;;;;;;
tieto.no;;;;;;
tieto.nu;;;;;;
tieto.org;;;;;;
tieto.pe;;;;;;
tieto.ph;;;;;;
tieto.pl;;;;;;
tieto.pt;;;;;;
tieto.ro;;;;;;
tieto.ru;;;;;;
tieto.se;;;;;;
tieto.sg;;;;;;
tieto.si;;;;;;
tieto.sk;;;;;;
tieto.tel;;;;;;
tieto.tw;;;;;;
tieto.ua;;;;;;
tieto.us;;;;;;
tieto.vn;;;;;;
tietoenator.asia;;;;;;
tietoenator.at;;;;;;
tietoenator.be;;;;;;
tietoenator.bg;;;;;;
tietoenator.biz;;;;;;
tietoenator.by;;;;;;
tietoenator.ca;;;;;;
tietoenator.ch;;;;;;
tietoenator.cn;;;;;;
tietoenator.cnkeyword;;;;;;
tietoenator.co.id;;;;;;
tietoenator.co.uk;;;;;;
tietoenator.com;;;;;;
tietoenator.com.ar;;;;;;
tietoenator.com.cn;;;;;;
tietoenator.com.my;;;;;;
tietoenator.com.pe;;;;;;
tietoenator.com.pl;;;;;;
tietoenator.com.ru;;;;;;
tietoenator.com.tw;;;;;;
tietoenator.com.ua;;;;;;
tietoenator.cz;;;;;;
tietoenator.de;;;;;;
tietoenator.dk;;;;;;
tietoenator.ee;;;;;;
tietoenator.es;;;;;;
tietoenator.eu;;;;;;
tietoenator.fi;;;;;;
tietoenator.fr;;;;;;
tietoenator.hk;;;;;;
tietoenator.in;;;;;;
tietoenator.info;;;;;;
tietoenator.it;;;;;;
tietoenator.jobs;;;;;;
tietoenator.lt;;;;;;
tietoenator.lu;;;;;;
tietoenator.lv;;;;;;
tietoenator.my;;;;;;
tietoenator.net;;;;;;
tietoenator.nl;;;;;;
tietoenator.no;;;;;;
tietoenator.nu;;;;;;
tietoenator.org;;;;;;
tietoenator.pl;;;;;;
tietoenator.pt;;;;;;
tietoenator.ru;;;;;;
tietoenator.se;;;;;;
tietoenator.sg;;;;;;
tietoenator.tw;;;;;;
tietoenator.ua;;;;;;
tietoenator.us;;;;;;
tietogroup.com;;;;;;
tietoilmarinen.fi;;;;;;
tietorus.ru;;;;;;
tietorussia.ru;;;;;;
tietotehdas.fi;;;;;;
totalpro.com;;;;;;
totalpro.fi;;;;;;
totalpro.net;;;;;;
tucaas.com;;;;;;
viisastenkivi.fi;;;;;;
vtkk.fi;;;;;;
xn--7hv544gfea.cn;;;;;;
xn--e1aftnc.com.ua;;;;;;
xn--e1aftnc.xn--p1ai;;;;;;
